idQ,QEC,QNO3,QNH4,QNO,QPO,QPI
1,46823.45,0,0,0,0,0
2,2238252.68,0,0,0,0.000003197,0.000007459
3,14760.04,0,0,0,0,0
4,2619730.16,0.000067,0.000067,0.000089,0.000014875,0.000034709
5,0,0.000085,0.000085,0,0.000011679,0.00002725
6,0,0,0,0,0,0
